<?xml version="1.0" encoding="UTF-8" standalone="no"?>
<!--Custom BLE GATT--><gatt generic_attribute_service="false" header="gatt_db.h" name="Custom BLE GATT" out="gatt_db.c" prefix="gattdb_">
  
  <!--Generic Access-->
  <service advertise="false" name="Generic Access" requirement="mandatory" sourceId="org.bluetooth.service.generic_access" type="primary" uuid="1800">
    <informativeText>Abstract:  The generic_access service contains generic information about the device. All available Characteristics are readonly.  </informativeText>
    
    <!--Device Name-->
    <characteristic id="device_name" name="Device Name" sourceId="org.bluetooth.characteristic.gap.device_name" uuid="2A00">
      <informativeText/>
      <value length="20" type="utf-8" variable_length="true">Awesome Device</value>
      <properties read="true" read_requirement="mandatory" write="true" write_requirement="optional"/>
    </characteristic>
    
    <!--Appearance-->
    <characteristic name="Appearance" sourceId="org.bluetooth.characteristic.gap.appearance" uuid="2A01">
      <informativeText>Abstract:  The external appearance of this device. The values are composed of a category (10-bits) and sub-categories (6-bits).  </informativeText>
      <value length="1" type="hex" variable_length="false">0</value>
      <properties const="true" const_requirement="optional" read="true" read_requirement="mandatory"/>
    </characteristic>
  </service>
  
  <!--Generic Attribute-->
  <service advertise="false" name="Generic Attribute" requirement="mandatory" sourceId="org.bluetooth.service.generic_attribute" type="primary" uuid="1801">
    <informativeText/>
    
    <!--Service Changed-->
    <characteristic name="Service Changed" sourceId="org.bluetooth.characteristic.gatt.service_changed" uuid="2A05">
      <informativeText/>
      <value length="4" type="utf-8" variable_length="false"/>
      <properties indicate="true" indicate_requirement="mandatory"/>
    </characteristic>
  </service>
  
  <!--Device Information-->
  <service advertise="false" name="Device Information" requirement="mandatory" sourceId="org.bluetooth.service.device_information" type="primary" uuid="180A">
    <informativeText>Abstract:  The Device Information Service exposes manufacturer and/or vendor information about a device.  Summary:  This service exposes manufacturer information about a device. The Device Information Service is instantiated as a Primary Service. Only one instance of the Device Information Service is exposed on a device.  </informativeText>
    
    <!--Manufacturer Name String-->
    <characteristic name="Manufacturer Name String" sourceId="org.bluetooth.characteristic.manufacturer_name_string" uuid="2A29">
      <informativeText>Abstract:  The value of this characteristic is a UTF-8 string representing the name of the manufacturer of the device.  </informativeText>
      <value length="20" type="utf-8" variable_length="false">Silicon Laboratories</value>
      <properties const="true" const_requirement="optional" read="true" read_requirement="mandatory"/>
    </characteristic>
    
    <!--Model Number String-->
    <characteristic name="Model Number String" sourceId="org.bluetooth.characteristic.model_number_string" uuid="2A24">
      <informativeText>Abstract:  The value of this characteristic is a UTF-8 string representing the model number assigned by the device vendor.  </informativeText>
      <value length="8" type="utf-8" variable_length="false">BRD4160A</value>
      <properties const="true" const_requirement="optional" read="true" read_requirement="mandatory"/>
    </characteristic>
    
    <!--Serial Number String-->
    <characteristic id="board_serial" name="Serial Number String" sourceId="org.bluetooth.characteristic.serial_number_string" uuid="2A25">
      <informativeText>Abstract:  The value of this characteristic is a variable-length UTF-8 string representing the serial number for a particular instance of the device.  </informativeText>
      <value length="4" type="utf-8" variable_length="false">1234</value>
      <properties read="true" read_requirement="mandatory"/>
    </characteristic>
    
    <!--Hardware Revision String-->
    <characteristic id="board_rev" name="Hardware Revision String" sourceId="org.bluetooth.characteristic.hardware_revision_string" uuid="2A27">
      <informativeText>Summary:  The value of this characteristic is a UTF-8 string representing the hardware revision for the hardware within the device.  </informativeText>
      <value length="3" type="utf-8" variable_length="false">A00</value>
      <properties read="true" read_requirement="mandatory"/>
    </characteristic>
    
    <!--Firmware Revision String-->
    <characteristic id="firmware_rev" name="Firmware Revision String" sourceId="org.bluetooth.characteristic.firmware_revision_string" uuid="2A26">
      <informativeText>Summary:  The value of this characteristic is a UTF-8 string representing the firmware revision for the firmware within the device.  </informativeText>
      <value length="5" type="utf-8" variable_length="false">0.1.0</value>
      <properties read="true" read_requirement="mandatory"/>
    </characteristic>
    
    <!--System ID-->
    <characteristic id="system_id" name="System ID" sourceId="org.bluetooth.characteristic.system_id" uuid="2A23">
      <informativeText>Abstract:  The SYSTEM ID characteristic consists of a structure with two fields. The first field are the LSOs and the second field contains the MSOs.       This is a 64-bit structure which consists of a 40-bit manufacturer-defined identifier concatenated with a 24 bit unique Organizationally Unique Identifier (OUI). The OUI is issued by the IEEE Registration Authority (http://standards.ieee.org/regauth/index.html) and is required to be used in accordance with IEEE Standard 802-2001.6 while the least significant 40 bits are manufacturer defined.       If System ID generated based on a Bluetooth Device Address, it is required to be done as follows. System ID and the Bluetooth Device Address have a very similar structure: a Bluetooth Device Address is 48 bits in length and consists of a 24 bit Company Assigned Identifier (manufacturer defined identifier) concatenated with a 24 bit Company Identifier (OUI). In order to encapsulate a Bluetooth Device Address as System ID, the Company Identifier is concatenated with 0xFFFE followed by the Company Assigned Identifier of the Bluetooth Address. For more guidelines related to EUI-64, refer to http://standards.ieee.org/develop/regauth/tut/eui64.pdf.  Examples:  If the system ID is based of a Bluetooth Device Address with a Company Identifier (OUI) is 0x123456 and the Company Assigned Identifier is 0x9ABCDE, then the System Identifier is required to be 0x123456FFFE9ABCDE.  </informativeText>
      <value length="8" type="hex" variable_length="false">ffffffffffffffff</value>
      <properties read="true" read_requirement="mandatory"/>
    </characteristic>
  </service>
  
  <!--Battery Service-->
  <service advertise="true" name="Battery Service" requirement="mandatory" sourceId="org.bluetooth.service.battery_service" type="primary" uuid="180F">
    <informativeText>Abstract:  The Battery Service exposes the state of a battery within a device.  Summary:  The Battery Service exposes the Battery State and Battery Level of a single battery or set of batteries in a device.  </informativeText>
    
    <!--Battery Level-->
    <characteristic id="batt_measurement" name="Battery Level" sourceId="org.bluetooth.characteristic.battery_level" uuid="2A19">
      <informativeText>Abstract:  The current charge level of a battery. 100% represents fully charged while 0% represents fully discharged.  </informativeText>
      <value length="1" type="user" variable_length="false"/>
      <properties const="false" const_requirement="optional" notify="true" notify_requirement="optional" read="true" read_requirement="mandatory"/>
    </characteristic>
  </service>
  
  <!--Environment Sensing-->
  <service advertise="false" name="Environment Sensing" requirement="mandatory" type="primary" uuid="181a">
    <informativeText/>
    
    <!--UV Index-->
    <characteristic id="es_uvindex" name="UV Index" uuid="2a76">
      <informativeText/>
      <value length="1" type="user" variable_length="false"/>
      <properties read="true" read_requirement="optional"/>
    </characteristic>
    
    <!--Pressure-->
    <characteristic id="es_pressure" name="Pressure" uuid="2a6d">
      <informativeText/>
      <value length="4" type="user" variable_length="false"/>
      <properties read="true" read_requirement="optional"/>
    </characteristic>
    
    <!--Temperature-->
    <characteristic id="es_temperature" name="Temperature" uuid="2a6e">
      <informativeText/>
      <value length="2" type="user" variable_length="false"/>
      <properties read="true" read_requirement="optional"/>
    </characteristic>
    
    <!--Humidity-->
    <characteristic id="es_humidity" name="Humidity" uuid="2a6f">
      <informativeText/>
      <value length="2" type="user" variable_length="false"/>
      <properties read="true" read_requirement="optional"/>
    </characteristic>
    
    <!--Ambient Light-->
    <characteristic id="es_ambient_light" name="Ambient Light" uuid="c8546913-bfd9-45eb-8dde-9f8754f4a32e">
      <informativeText/>
      <value length="4" type="user" variable_length="false"/>
      <properties read="true" read_requirement="optional"/>
    </characteristic>
    
    <!--Sound Level-->
    <characteristic id="es_sound_level" name="Sound Level" uuid="c8546913-bf02-45eb-8dde-9f8754f4a32e">
      <informativeText/>
      <value length="2" type="user" variable_length="false"/>
      <properties read="true" read_requirement="optional"/>
    </characteristic>
    
    <!--Control Point-->
    <characteristic id="es_control_point" name="Control Point" uuid="c8546913-bf03-45eb-8dde-9f8754f4a32e">
      <informativeText/>
      <value length="4" type="user" variable_length="false"/>
      <properties const="false" const_requirement="optional" indicate="true" indicate_requirement="optional" write="true" write_requirement="optional"/>
    </characteristic>
  </service>
  
  <!--Power Source-->
  <service advertise="false" name="Power Source" requirement="mandatory" type="primary" uuid="ec61a454-ed00-a5e8-b8f9-de9ec026ec51">
    <informativeText/>
    
    <!--Power Source-->
    <characteristic id="power_source_type" name="Power Source" uuid="ec61a454-ed01-a5e8-b8f9-de9ec026ec51">
      <informativeText/>
      <value length="1" type="user" variable_length="false"/>
      <properties read="true" read_requirement="optional"/>
    </characteristic>
  </service>
  
  <!--IAQ-->
  <service advertise="false" name="IAQ" requirement="mandatory" type="primary" uuid="efd658ae-c400-ef33-76e7-91b00019103b">
    <informativeText/>
    
    <!--ECO2-->
    <characteristic id="iaq_eco2" name="ECO2" uuid="efd658ae-c401-ef33-76e7-91b00019103b">
      <informativeText/>
      <value length="2" type="user" variable_length="false"/>
      <properties read="true" read_requirement="optional"/>
    </characteristic>
    
    <!--TVOC-->
    <characteristic id="iaq_tvoc" name="TVOC" uuid="efd658ae-c402-ef33-76e7-91b00019103b">
      <informativeText/>
      <value length="2" type="user" variable_length="false"/>
      <properties read="true" read_requirement="optional"/>
    </characteristic>
    
    <!--Control Point-->
    <characteristic id="iaq_control_point" name="Control Point" uuid="efd658ae-c403-ef33-76e7-91b00019103b">
      <informativeText/>
      <value length="4" type="user" variable_length="false"/>
      <properties const="false" const_requirement="optional" indicate="true" indicate_requirement="optional" write="true" write_requirement="optional"/>
    </characteristic>
  </service>
  
  <!--UI-->
  <service advertise="false" name="UI" requirement="mandatory" type="primary" uuid="fcb89c40-c600-59f3-7dc3-5ece444a401b">
    <informativeText/>
    
    <!--Buttons-->
    <characteristic id="ui_buttons" name="Buttons" uuid="fcb89c40-c601-59f3-7dc3-5ece444a401b">
      <informativeText/>
      <value length="1" type="user" variable_length="false"/>
      <properties read="true" read_requirement="optional"/>
    </characteristic>
    
    <!--Leds-->
    <characteristic id="ui_leds" name="Leds" uuid="fcb89c40-c602-59f3-7dc3-5ece444a401b">
      <informativeText/>
      <value length="1" type="user" variable_length="false"/>
      <properties const="false" const_requirement="optional" indicate="true" indicate_requirement="optional" write="true" write_requirement="optional"/>
    </characteristic>
    
    <!--RGB Leds-->
    <characteristic id="ui_rgbleds" name="RGB Leds" uuid="fcb89c40-c603-59f3-7dc3-5ece444a401b">
      <informativeText/>
      <value length="4" type="user" variable_length="false"/>
      <properties const="false" const_requirement="optional" indicate="true" indicate_requirement="optional" read="true" read_requirement="optional" write="true" write_requirement="optional"/>
    </characteristic>
    
    <!--Control Point-->
    <characteristic id="ui_control_point" name="Control Point" uuid="fcb89c40-c604-59f3-7dc3-5ece444a401b">
      <informativeText/>
      <value length="2" type="user" variable_length="false"/>
      <properties const="false" const_requirement="optional" indicate="true" indicate_requirement="optional" write="true" write_requirement="optional"/>
    </characteristic>
  </service>
  
  <!--Automation IO-->
  <service advertise="false" name="Automation IO" requirement="mandatory" sourceId="org.bluetooth.service.automation_io" type="primary" uuid="1815">
    <informativeText>Abstract:  The Automation IO service is used to expose the analog inputs/outputs and digital input/outputs of a generic IO module (IOM).  </informativeText>
    
    <!--Digital-->
    <characteristic id="aio_digital_in" name="Digital" sourceId="org.bluetooth.characteristic.digital" uuid="2A56">
      <informativeText>Summary:  The Digital characteristic is used to expose and change the state of an IO Module's digital signals.  </informativeText>
      <value length="1" type="user" variable_length="false"/>
      <properties notify="true" notify_requirement="optional" read="true" read_requirement="optional"/>
      
      <!--Characteristic Presentation Format-->
      <descriptor name="Characteristic Presentation Format" sourceId="org.bluetooth.descriptor.gatt.characteristic_presentation_format" uuid="2904">
        <properties const="true" const_requirement="optional" read="true" read_requirement="mandatory"/>
        <value length="7" type="hex" variable_length="false">1B000027010200</value>
      </descriptor>
      
      <!--Number of Digitals-->
      <descriptor name="Number of Digitals" sourceId="org.bluetooth.descriptor.number_of_digitals" uuid="2909">
        <properties const="true" const_requirement="optional" read="true" read_requirement="mandatory"/>
        <value length="1" type="hex" variable_length="false">02</value>
      </descriptor>
    </characteristic>
    
    <!--Digital-->
    <characteristic id="aio_digital_out" name="Digital" sourceId="org.bluetooth.characteristic.digital" uuid="2A56">
      <informativeText>Summary:  The Digital characteristic is used to expose and change the state of an IO Module's digital signals.  </informativeText>
      <value length="1" type="user" variable_length="false"/>
      <properties read="true" read_requirement="optional" write="true" write_requirement="optional"/>
      
      <!--Characteristic Presentation Format-->
      <descriptor name="Characteristic Presentation Format" sourceId="org.bluetooth.descriptor.gatt.characteristic_presentation_format" uuid="2904">
        <properties const="true" const_requirement="optional" read="true" read_requirement="mandatory"/>
        <value length="7" type="hex" variable_length="false">1B000027010100</value>
      </descriptor>
      
      <!--Number of Digitals-->
      <descriptor name="Number of Digitals" sourceId="org.bluetooth.descriptor.number_of_digitals" uuid="2909">
        <properties const="true" const_requirement="optional" read="true" read_requirement="mandatory"/>
        <value length="1" type="hex" variable_length="false">02</value>
      </descriptor>
    </characteristic>
  </service>
  
  <!--IMU-->
  <service advertise="false" name="IMU" requirement="mandatory" type="primary" uuid="a4e649f4-4be5-11e5-885d-feff819cdc9f">
    <informativeText/>
    
    <!--Acceleration-->
    <characteristic id="imu_acceleration" name="Acceleration" uuid="c4c1f6e2-4be5-11e5-885d-feff819cdc9f">
      <informativeText/>
      <value length="6" type="utf-8" variable_length="false"/>
      <properties notify="true" notify_requirement="optional"/>
    </characteristic>
    
    <!--Orientation-->
    <characteristic id="imu_orientation" name="Orientation" uuid="b7c4b694-bee3-45dd-ba9f-f3b5e994f49a">
      <informativeText/>
      <value length="6" type="utf-8" variable_length="false"/>
      <properties notify="true" notify_requirement="optional"/>
    </characteristic>
    
    <!--Control Point-->
    <characteristic id="imu_control_point" name="Control Point" uuid="71e30b8c-4131-4703-b0a0-b0bbba75856b">
      <informativeText/>
      <value length="3" type="user" variable_length="false"/>
      <properties const="false" const_requirement="optional" indicate="true" indicate_requirement="optional" write="true" write_requirement="optional"/>
    </characteristic>
  </service>
</gatt>
